username,profile_link
"username","profile_link"
"dr_amera_elsayed_dr.princess","https://www.instagram.com/dr_amera_elsayed_dr.princess/"
"dr_amera_elsayed_dr.princess","https://www.instagram.com/dr_amera_elsayed_dr.princess/"
"gsh_oman","https://www.instagram.com/gsh_oman/"
"gsp.oman","https://www.instagram.com/gsp.oman/"
"emanalani62","https://www.instagram.com/emanalani62/"
"dr.layla.g","https://www.instagram.com/dr.layla.g/"
"dr_wesam.eisa","https://www.instagram.com/dr_wesam.eisa/"
"dr.doaa.elfaham","https://www.instagram.com/dr.doaa.elfaham/"
"qrc_2","https://www.instagram.com/qrc_2/"
"om_58oi","https://www.instagram.com/om_58oi/"
"ixxr7a","https://www.instagram.com/ixxr7a/"
"__2oma5","https://www.instagram.com/__2oma5/"
"8yr_3","https://www.instagram.com/8yr_3/"
"ma.iaa.9","https://www.instagram.com/ma.iaa.9/"
"fffrrti","https://www.instagram.com/fffrrti/"
"roma9_100","https://www.instagram.com/roma9_100/"
"saleh_7997sss","https://www.instagram.com/saleh_7997sss/"
"7rqiij","https://www.instagram.com/7rqiij/"
"veloria_candle7","https://www.instagram.com/veloria_candle7/"
"3pazx","https://www.instagram.com/3pazx/"
"rashad_rabab","https://www.instagram.com/rashad_rabab/"
"fatma.khaled.1800","https://www.instagram.com/fatma.khaled.1800/"
"amany_82","https://www.instagram.com/amany_82/"
"alhoufiinjy","https://www.instagram.com/alhoufiinjy/"
"raina_rashad55","https://www.instagram.com/raina_rashad55/"
"suhaila_ahmed7","https://www.instagram.com/suhaila_ahmed7/"
"dodo_lovea","https://www.instagram.com/dodo_lovea/"
"ms9069898","https://www.instagram.com/ms9069898/"
"salma_.daily","https://www.instagram.com/salma_.daily/"
"princess_ss95s","https://www.instagram.com/princess_ss95s/"
"princess.shop1667","https://www.instagram.com/princess.shop1667/"
"8rrkr","https://www.instagram.com/8rrkr/"
"tammyy1996","https://www.instagram.com/tammyy1996/"
"amaollo","https://www.instagram.com/amaollo/"
"um_salim.95","https://www.instagram.com/um_salim.95/"
"mawya.al","https://www.instagram.com/mawya.al/"
"taif__2026","https://www.instagram.com/taif__2026/"
"om.omann","https://www.instagram.com/om.omann/"
"mrw77_7","https://www.instagram.com/mrw77_7/"
"aljabria88m","https://www.instagram.com/aljabria88m/"
"umm_firas2020","https://www.instagram.com/umm_firas2020/"
"alsalt_oman","https://www.instagram.com/alsalt_oman/"
"musafer_oman","https://www.instagram.com/musafer_oman/"
"anas_alsarkhi","https://www.instagram.com/anas_alsarkhi/"
"xer80_40","https://www.instagram.com/xer80_40/"
"whimsicalstarrr","https://www.instagram.com/whimsicalstarrr/"
"baggio.raisi","https://www.instagram.com/baggio.raisi/"
"bodooralraisi","https://www.instagram.com/bodooralraisi/"
"um.meral84","https://www.instagram.com/um.meral84/"
"ayadesamailalamri","https://www.instagram.com/ayadesamailalamri/"
"sshhdd922","https://www.instagram.com/sshhdd922/"
"hanoonahx_x","https://www.instagram.com/hanoonahx_x/"
"baggio.raisi","https://www.instagram.com/baggio.raisi/"
"esraayob","https://www.instagram.com/esraayob/"
"xer80_40","https://www.instagram.com/xer80_40/"
"nabhania82","https://www.instagram.com/nabhania82/"
"scorpiano_girl","https://www.instagram.com/scorpiano_girl/"
"buha.jahdhami","https://www.instagram.com/buha.jahdhami/"
"manahilalnabhani","https://www.instagram.com/manahilalnabhani/"
"monalisa003","https://www.instagram.com/monalisa003/"
"llf.3r","https://www.instagram.com/llf.3r/"
"7aso0ona92","https://www.instagram.com/7aso0ona92/"
"shawa5ali","https://www.instagram.com/shawa5ali/"
"whimsicalstarrr","https://www.instagram.com/whimsicalstarrr/"
"um_hmj","https://www.instagram.com/um_hmj/"
"samansa911","https://www.instagram.com/samansa911/"
"alqasimi2024","https://www.instagram.com/alqasimi2024/"
"n_binali99","https://www.instagram.com/n_binali99/"
"omani_550","https://www.instagram.com/omani_550/"
"um.khalliid","https://www.instagram.com/um.khalliid/"
"sha_moos","https://www.instagram.com/sha_moos/"
"um.ho0or1","https://www.instagram.com/um.ho0or1/"
"h54.k12","https://www.instagram.com/h54.k12/"
"ulaq.1","https://www.instagram.com/ulaq.1/"
"llm24y9","https://www.instagram.com/llm24y9/"
"h2ll7_","https://www.instagram.com/h2ll7_/"
"vxcuf","https://www.instagram.com/vxcuf/"
"w.7kx_","https://www.instagram.com/w.7kx_/"
"lywjd8127","https://www.instagram.com/lywjd8127/"
"lhmdllhlkl73221","https://www.instagram.com/lhmdllhlkl73221/"
"w.7kx_","https://www.instagram.com/w.7kx_/"
"3s7__","https://www.instagram.com/3s7__/"
"fofo.ahmed.1999","https://www.instagram.com/fofo.ahmed.1999/"
"hytooss__k.z","https://www.instagram.com/hytooss__k.z/"
"umsultan_naif","https://www.instagram.com/umsultan_naif/"
"noosha201925","https://www.instagram.com/noosha201925/"
"saman.salman.1217","https://www.instagram.com/saman.salman.1217/"
"jannat_vaqar","https://www.instagram.com/jannat_vaqar/"
"zarirajput247","https://www.instagram.com/zarirajput247/"
"emybeauty614","https://www.instagram.com/emybeauty614/"
"s_vibes9","https://www.instagram.com/s_vibes9/"
"ummhaasan","https://www.instagram.com/ummhaasan/"
"umfatima_alrahbi971","https://www.instagram.com/umfatima_alrahbi971/"
"aysh557","https://www.instagram.com/aysh557/"
"an_k90l","https://www.instagram.com/an_k90l/"
"salwa20603","https://www.instagram.com/salwa20603/"
"mem3___a","https://www.instagram.com/mem3___a/"
"hala_design_1","https://www.instagram.com/hala_design_1/"
"x.91._","https://www.instagram.com/x.91._/"
"cute_jooo","https://www.instagram.com/cute_jooo/"
"_w6iiv","https://www.instagram.com/_w6iiv/"
"wemo.33","https://www.instagram.com/wemo.33/"
"loveme_morerer","https://www.instagram.com/loveme_morerer/"
"wemo.37","https://www.instagram.com/wemo.37/"
"mayan.ab9","https://www.instagram.com/mayan.ab9/"
"ms.issra","https://www.instagram.com/ms.issra/"
"hind.ab9","https://www.instagram.com/hind.ab9/"
"nnttttt41","https://www.instagram.com/nnttttt41/"
"lhmdllhlkl73221","https://www.instagram.com/lhmdllhlkl73221/"
"lywjd8127","https://www.instagram.com/lywjd8127/"
"ww95997993","https://www.instagram.com/ww95997993/"
"_qa178","https://www.instagram.com/_qa178/"
"n_olx78","https://www.instagram.com/n_olx78/"
"ex.1fi","https://www.instagram.com/ex.1fi/"
"30d_vv","https://www.instagram.com/30d_vv/"
"shik_a96","https://www.instagram.com/shik_a96/"
"fatmah83460","https://www.instagram.com/fatmah83460/"
"f1997ai","https://www.instagram.com/f1997ai/"
"dr_peace_om","https://www.instagram.com/dr_peace_om/"
"w3oodkhalid90","https://www.instagram.com/w3oodkhalid90/"
"umdalal27","https://www.instagram.com/umdalal27/"
"d_94l","https://www.instagram.com/d_94l/"
"um._sama","https://www.instagram.com/um._sama/"
"sal39058","https://www.instagram.com/sal39058/"
"alsal702","https://www.instagram.com/alsal702/"
"amiralbelushi","https://www.instagram.com/amiralbelushi/"
"moo.n292001","https://www.instagram.com/moo.n292001/"
"salwa.aa2024","https://www.instagram.com/salwa.aa2024/"
"salwwo2049","https://www.instagram.com/salwwo2049/"
"ammm.m2767","https://www.instagram.com/ammm.m2767/"
"shakila03312","https://www.instagram.com/shakila03312/"
"alvitahildegard","https://www.instagram.com/alvitahildegard/"
"neha.7.6","https://www.instagram.com/neha.7.6/"
"perpet.carmelin","https://www.instagram.com/perpet.carmelin/"
"salwwo2049","https://www.instagram.com/salwwo2049/"
"salwa20502024","https://www.instagram.com/salwa20502024/"
"asn.azeemi","https://www.instagram.com/asn.azeemi/"
"anurajpoot437","https://www.instagram.com/anurajpoot437/"
"shahidanaeem34","https://www.instagram.com/shahidanaeem34/"
"_raghad_adam_","https://www.instagram.com/_raghad_adam_/"
"renadadamm","https://www.instagram.com/renadadamm/"
"car.spots_oman","https://www.instagram.com/car.spots_oman/"
"roxa_aboubaker","https://www.instagram.com/roxa_aboubaker/"
"thth31","https://www.instagram.com/thth31/"
"moq7__","https://www.instagram.com/moq7__/"
"al.harthi_07","https://www.instagram.com/al.harthi_07/"
"maya.2710","https://www.instagram.com/maya.2710/"
"hanoon907","https://www.instagram.com/hanoon907/"
"salwa20603","https://www.instagram.com/salwa20603/"
"ammn","https://www.instagram.com/ammn/"
"neh___08","https://www.instagram.com/neh___08/"
"umseif_12","https://www.instagram.com/umseif_12/"
"omanya28s","https://www.instagram.com/omanya28s/"
"_ravb1_","https://www.instagram.com/_ravb1_/"
"alsinani_2024","https://www.instagram.com/alsinani_2024/"
"umfatma302","https://www.instagram.com/umfatma302/"
"ss1_2376","https://www.instagram.com/ss1_2376/"
"abu_faisal_888","https://www.instagram.com/abu_faisal_888/"
"alghafri77_oman","https://www.instagram.com/alghafri77_oman/"
"chahd58","https://www.instagram.com/chahd58/"
"ghizlan_moussa","https://www.instagram.com/ghizlan_moussa/"
"prestige.sanae.salon","https://www.instagram.com/prestige.sanae.salon/"
"awashalfarsi90","https://www.instagram.com/awashalfarsi90/"
"shayoomalfarsi","https://www.instagram.com/shayoomalfarsi/"
"al.farah88","https://www.instagram.com/al.farah88/"
"icandoitwk","https://www.instagram.com/icandoitwk/"
"gogii0110","https://www.instagram.com/gogii0110/"
"sia.4_4","https://www.instagram.com/sia.4_4/"
"miss.april.4","https://www.instagram.com/miss.april.4/"
"asuo.54","https://www.instagram.com/asuo.54/"
"r_.oo0z11","https://www.instagram.com/r_.oo0z11/"
"tiya.om_","https://www.instagram.com/tiya.om_/"
"isabellejadex","https://www.instagram.com/isabellejadex/"
"onjochettriii","https://www.instagram.com/onjochettriii/"
"um__mohammed311","https://www.instagram.com/um__mohammed311/"
"11__aii","https://www.instagram.com/11__aii/"
"amaal_almawail","https://www.instagram.com/amaal_almawail/"
"_id0l7","https://www.instagram.com/_id0l7/"
"salwaalbalushi14","https://www.instagram.com/salwaalbalushi14/"
"salwa20502024","https://www.instagram.com/salwa20502024/"
"amr20252772","https://www.instagram.com/amr20252772/"
"moh.1662004","https://www.instagram.com/moh.1662004/"
"um_sohib92","https://www.instagram.com/um_sohib92/"
"alprincess_god","https://www.instagram.com/alprincess_god/"
"pearl_sosooo","https://www.instagram.com/pearl_sosooo/"
"esraa_ahmad_95","https://www.instagram.com/esraa_ahmad_95/"
"lorena.hosam14","https://www.instagram.com/lorena.hosam14/"
"broook___88","https://www.instagram.com/broook___88/"
"iz._s0","https://www.instagram.com/iz._s0/"
"muz_aljabri","https://www.instagram.com/muz_aljabri/"
"tho7_09","https://www.instagram.com/tho7_09/"
"w7_f7_s","https://www.instagram.com/w7_f7_s/"
"_sam.95a","https://www.instagram.com/_sam.95a/"
"x.m2in","https://www.instagram.com/x.m2in/"
"8fafm","https://www.instagram.com/8fafm/"
"j_118.0","https://www.instagram.com/j_118.0/"
"abunoor899","https://www.instagram.com/abunoor899/"
"saleh_7997sss","https://www.instagram.com/saleh_7997sss/"
"abuhamed7997","https://www.instagram.com/abuhamed7997/"
"brk.6379","https://www.instagram.com/brk.6379/"
"queenn_968","https://www.instagram.com/queenn_968/"
"y926za","https://www.instagram.com/y926za/"
"luqma_.lamma","https://www.instagram.com/luqma_.lamma/"
"_at7eer","https://www.instagram.com/_at7eer/"
"w7_f7_s","https://www.instagram.com/w7_f7_s/"
"iz._s0","https://www.instagram.com/iz._s0/"
"hussainalzadjali9","https://www.instagram.com/hussainalzadjali9/"
"moon2.92001","https://www.instagram.com/moon2.92001/"
"1995.april__","https://www.instagram.com/1995.april__/"
"a.suo95","https://www.instagram.com/a.suo95/"
"um._sama","https://www.instagram.com/um._sama/"
"al_damani0","https://www.instagram.com/al_damani0/"
"yourfavsmsmi","https://www.instagram.com/yourfavsmsmi/"
"mjsm762","https://www.instagram.com/mjsm762/"
"ysoof.07","https://www.instagram.com/ysoof.07/"
"bodooralraisi","https://www.instagram.com/bodooralraisi/"
"imanbadrkhogali","https://www.instagram.com/imanbadrkhogali/"
"im.ba.ah","https://www.instagram.com/im.ba.ah/"
"amona_loves_to_cook","https://www.instagram.com/amona_loves_to_cook/"
"imaz2222","https://www.instagram.com/imaz2222/"
"samya1a","https://www.instagram.com/samya1a/"
"4wu.a","https://www.instagram.com/4wu.a/"
"vll.oz","https://www.instagram.com/vll.oz/"
"ri9.my","https://www.instagram.com/ri9.my/"
"_.o0m8","https://www.instagram.com/_.o0m8/"
"qudi.7","https://www.instagram.com/qudi.7/"
"4.kawther","https://www.instagram.com/4.kawther/"
"sydmslm.mhmd","https://www.instagram.com/sydmslm.mhmd/"
"zo____mh56","https://www.instagram.com/zo____mh56/"
"umm_anfal","https://www.instagram.com/umm_anfal/"
"shxia.12","https://www.instagram.com/shxia.12/"
"um.osama.22","https://www.instagram.com/um.osama.22/"
"bash.o0","https://www.instagram.com/bash.o0/"
"sheikha.254","https://www.instagram.com/sheikha.254/"
"a_sh_k__","https://www.instagram.com/a_sh_k__/"
"maleeha_996","https://www.instagram.com/maleeha_996/"
"lollamimouni","https://www.instagram.com/lollamimouni/"
"nopainnogain.24488","https://www.instagram.com/nopainnogain.24488/"
"wafa_al7ooob","https://www.instagram.com/wafa_al7ooob/"
"ee.a37","https://www.instagram.com/ee.a37/"
"n_chillin_n","https://www.instagram.com/n_chillin_n/"
"f917008f","https://www.instagram.com/f917008f/"
"salimmrjnh","https://www.instagram.com/salimmrjnh/"
"sharazad9","https://www.instagram.com/sharazad9/"
"me_ro3031","https://www.instagram.com/me_ro3031/"
"salwa_alb2040","https://www.instagram.com/salwa_alb2040/"
"mooni292001","https://www.instagram.com/mooni292001/"
"_dilekdes","https://www.instagram.com/_dilekdes/"
"su_o.11","https://www.instagram.com/su_o.11/"
"esraaelmaghraby12","https://www.instagram.com/esraaelmaghraby12/"
"w_k.w.k","https://www.instagram.com/w_k.w.k/"
"am_hafoos","https://www.instagram.com/am_hafoos/"
"mhmdlblwshy2187","https://www.instagram.com/mhmdlblwshy2187/"
"_1h__ux","https://www.instagram.com/_1h__ux/"
"hl73__","https://www.instagram.com/hl73__/"
"_.xmrr_","https://www.instagram.com/_.xmrr_/"
"2h.21a","https://www.instagram.com/2h.21a/"
"m11hu","https://www.instagram.com/m11hu/"
"sama_900ss","https://www.instagram.com/sama_900ss/"
"hanaaalhinaai","https://www.instagram.com/hanaaalhinaai/"
"umm_faris_a2023","https://www.instagram.com/umm_faris_a2023/"
"zain_111_z","https://www.instagram.com/zain_111_z/"
"malhmmady12","https://www.instagram.com/malhmmady12/"
"raghad_2021b","https://www.instagram.com/raghad_2021b/"
"intesar_95","https://www.instagram.com/intesar_95/"
"af.x2000","https://www.instagram.com/af.x2000/"
"maryamlz6","https://www.instagram.com/maryamlz6/"
"thikra.95","https://www.instagram.com/thikra.95/"
"siwar_oud","https://www.instagram.com/siwar_oud/"
"shuruooq","https://www.instagram.com/shuruooq/"
"sultana.bokhour","https://www.instagram.com/sultana.bokhour/"
"hawk.956511","https://www.instagram.com/hawk.956511/"
"golden2018","https://www.instagram.com/golden2018/"
"ms.dina_abdallah","https://www.instagram.com/ms.dina_abdallah/"
"1.x.m.a.n","https://www.instagram.com/1.x.m.a.n/"
"asyu54317","https://www.instagram.com/asyu54317/"
"taiba.bakes.om","https://www.instagram.com/taiba.bakes.om/"
"jojo_rahma","https://www.instagram.com/jojo_rahma/"
"aseelrahma5","https://www.instagram.com/aseelrahma5/"
"monalisa003","https://www.instagram.com/monalisa003/"
"_zooz_47_","https://www.instagram.com/_zooz_47_/"
"ummeera718","https://www.instagram.com/ummeera718/"
"oman2026r","https://www.instagram.com/oman2026r/"
"b.alsalmani","https://www.instagram.com/b.alsalmani/"
"r61s_","https://www.instagram.com/r61s_/"
"rhlovelw","https://www.instagram.com/rhlovelw/"
"nooralhuda4752","https://www.instagram.com/nooralhuda4752/"
"manask2299","https://www.instagram.com/manask2299/"
"nadda_sz","https://www.instagram.com/nadda_sz/"
"itshibaz__","https://www.instagram.com/itshibaz__/"
"r_.oo0z11","https://www.instagram.com/r_.oo0z11/"
"fatmah83460","https://www.instagram.com/fatmah83460/"
"etj_l1","https://www.instagram.com/etj_l1/"
"m_taim93","https://www.instagram.com/m_taim93/"
"manayir1208","https://www.instagram.com/manayir1208/"
"hecallsmenosh","https://www.instagram.com/hecallsmenosh/"
"asn336","https://www.instagram.com/asn336/"
"vni.s3","https://www.instagram.com/vni.s3/"
"drabeirmohamed","https://www.instagram.com/drabeirmohamed/"
"bint.alnor","https://www.instagram.com/bint.alnor/"
"rhmanh94","https://www.instagram.com/rhmanh94/"
"remh_96","https://www.instagram.com/remh_96/"
"um.reemiii","https://www.instagram.com/um.reemiii/"
"dralaajamal","https://www.instagram.com/dralaajamal/"
"adwansx","https://www.instagram.com/adwansx/"
"layal_adwannn","https://www.instagram.com/layal_adwannn/"
"dimousoula","https://www.instagram.com/dimousoula/"
"mayoom33","https://www.instagram.com/mayoom33/"
"glamrousk","https://www.instagram.com/glamrousk/"
"je_site","https://www.instagram.com/je_site/"
"wejdan.abdulaziz.24","https://www.instagram.com/wejdan.abdulaziz.24/"
"a91a_a7","https://www.instagram.com/a91a_a7/"
"s0bl_7","https://www.instagram.com/s0bl_7/"
"zainab95abdo","https://www.instagram.com/zainab95abdo/"
"dfna7v713","https://www.instagram.com/dfna7v713/"
"collection_angel_","https://www.instagram.com/collection_angel_/"
"_nh.2018","https://www.instagram.com/_nh.2018/"
"o5i____","https://www.instagram.com/o5i____/"
"al__wahibi977","https://www.instagram.com/al__wahibi977/"
"lwhyby8409","https://www.instagram.com/lwhyby8409/"
"i9bra99","https://www.instagram.com/i9bra99/"
"zxz2q","https://www.instagram.com/zxz2q/"
"huda.marie","https://www.instagram.com/huda.marie/"
"doaa.elkhamesy","https://www.instagram.com/doaa.elkhamesy/"
"jojo_ahmad133","https://www.instagram.com/jojo_ahmad133/"
"gehan.fouda.31","https://www.instagram.com/gehan.fouda.31/"
"jojja642","https://www.instagram.com/jojja642/"
"_3hhhd","https://www.instagram.com/_3hhhd/"
"itsreemlol","https://www.instagram.com/itsreemlol/"
"soz93_","https://www.instagram.com/soz93_/"
"k5djj","https://www.instagram.com/k5djj/"
"fatoom.albalushia","https://www.instagram.com/fatoom.albalushia/"
"2m_mood","https://www.instagram.com/2m_mood/"
"m29m91","https://www.instagram.com/m29m91/"
"zee_7_zoo","https://www.instagram.com/zee_7_zoo/"
"_sana_00","https://www.instagram.com/_sana_00/"
"husky_libra_","https://www.instagram.com/husky_libra_/"
"hamxa336","https://www.instagram.com/hamxa336/"
"malaikasim__","https://www.instagram.com/malaikasim__/"
"wafzzz__","https://www.instagram.com/wafzzz__/"
"oreo.editz7","https://www.instagram.com/oreo.editz7/"
"jannat_968","https://www.instagram.com/jannat_968/"
"_theartville_","https://www.instagram.com/_theartville_/"
"maikavlogs_","https://www.instagram.com/maikavlogs_/"
"ayeshaasim77","https://www.instagram.com/ayeshaasim77/"
"asim_hanif_","https://www.instagram.com/asim_hanif_/"
"ahlamsalmaskari","https://www.instagram.com/ahlamsalmaskari/"
"suaad998","https://www.instagram.com/suaad998/"
"umyusuf202","https://www.instagram.com/umyusuf202/"
"umismail63","https://www.instagram.com/umismail63/"
"_sana_00","https://www.instagram.com/_sana_00/"
"azh1397","https://www.instagram.com/azh1397/"
"selver_879","https://www.instagram.com/selver_879/"
"me__7e","https://www.instagram.com/me__7e/"
"umlujainalbalushi79","https://www.instagram.com/umlujainalbalushi79/"
"rose_albuloshi","https://www.instagram.com/rose_albuloshi/"
"albalushiaa89","https://www.instagram.com/albalushiaa89/"
"manal_um_al_fahad","https://www.instagram.com/manal_um_al_fahad/"
"saharzaibak","https://www.instagram.com/saharzaibak/"
"pvtvvl","https://www.instagram.com/pvtvvl/"
"lujain.rhibani","https://www.instagram.com/lujain.rhibani/"
"dimma_112","https://www.instagram.com/dimma_112/"
"dbq9_","https://www.instagram.com/dbq9_/"
"xlz.86","https://www.instagram.com/xlz.86/"
"k.8.a.c","https://www.instagram.com/k.8.a.c/"
"As_eel8777","https://www.instagram.com/As_eel8777/"
"srlml3","https://www.instagram.com/srlml3/"
"salwoo7","https://www.instagram.com/salwoo7/"
"umm_faris_a2023","https://www.instagram.com/umm_faris_a2023/"
"sama_900ss","https://www.instagram.com/sama_900ss/"
"selver_879","https://www.instagram.com/selver_879/"
"2mw_canvas","https://www.instagram.com/2mw_canvas/"
"salwa2005al","https://www.instagram.com/salwa2005al/"
"mood_1662004","https://www.instagram.com/mood_1662004/"
"amir339996","https://www.instagram.com/amir339996/"
"s_alryami","https://www.instagram.com/s_alryami/"
"6Iww_","https://www.instagram.com/6Iww_/"
"um__retaaj","https://www.instagram.com/um__retaaj/"
"m.alf3_","https://www.instagram.com/m.alf3_/"
"salwoo7","https://www.instagram.com/salwoo7/"
"moode1662004","https://www.instagram.com/moode1662004/"
"jjlu107","https://www.instagram.com/jjlu107/"
"m25m.9","https://www.instagram.com/m25m.9/"
"bint_alarab1","https://www.instagram.com/bint_alarab1/"
"fatmma1993","https://www.instagram.com/fatmma1993/"
"ssww3003","https://www.instagram.com/ssww3003/"
"vi32h","https://www.instagram.com/vi32h/"
"sa.0l1a","https://www.instagram.com/sa.0l1a/"
"cloud","https://www.instagram.com/cloud/"
"jijij003","https://www.instagram.com/jijij003/"
"s.oman20","https://www.instagram.com/s.oman20/"
"ssaaws6","https://www.instagram.com/ssaaws6/"
"fofofof99","https://www.instagram.com/fofofof99/"
"dhkrlhnyyh","https://www.instagram.com/dhkrlhnyyh/"
"dolphin.2331180","https://www.instagram.com/dolphin.2331180/"
"x.jood.2","https://www.instagram.com/x.jood.2/"
"jjjj9_95j","https://www.instagram.com/jjjj9_95j/"
"bntshm969","https://www.instagram.com/bntshm969/"
"kkoot24","https://www.instagram.com/kkoot24/"
"nabras.123","https://www.instagram.com/nabras.123/"
"sssara.00_","https://www.instagram.com/sssara.00_/"
"ssmm13320","https://www.instagram.com/ssmm13320/"
"light_oman8","https://www.instagram.com/light_oman8/"
"batoul98772","https://www.instagram.com/batoul98772/"
"se602020","https://www.instagram.com/se602020/"
"sjsjs973s","https://www.instagram.com/sjsjs973s/"
"cloud_.200","https://www.instagram.com/cloud_.200/"
"saharmohamed6365","https://www.instagram.com/saharmohamed6365/"
"azza___h","https://www.instagram.com/azza___h/"
"amorr5128","https://www.instagram.com/amorr5128/"
"moodo1662004","https://www.instagram.com/moodo1662004/"
"adeeba.fatima","https://www.instagram.com/adeeba.fatima/"
"syedali.mh","https://www.instagram.com/syedali.mh/"
"asiya_alsaigh","https://www.instagram.com/asiya_alsaigh/"
"just_a_mom_diary","https://www.instagram.com/just_a_mom_diary/"
"umm_qasim79","https://www.instagram.com/umm_qasim79/"
"thekitchenburglar","https://www.instagram.com/thekitchenburglar/"
"the_r0o9","https://www.instagram.com/the_r0o9/"
"arm_9r","https://www.instagram.com/arm_9r/"
"_smyy15","https://www.instagram.com/_smyy15/"
"a9daf_22","https://www.instagram.com/a9daf_22/"
"maryam_r_29","https://www.instagram.com/maryam_r_29/"
"hissa.9292","https://www.instagram.com/hissa.9292/"
"a_rere26","https://www.instagram.com/a_rere26/"
"princess.shop1667","https://www.instagram.com/princess.shop1667/"
"umaya2015mmm","https://www.instagram.com/umaya2015mmm/"
"asawer_fashion0","https://www.instagram.com/asawer_fashion0/"
"um.meral84","https://www.instagram.com/um.meral84/"
"princess_ss95s","https://www.instagram.com/princess_ss95s/"
"af.alhosni9","https://www.instagram.com/af.alhosni9/"
"chocosheen981","https://www.instagram.com/chocosheen981/"
"n_7m","https://www.instagram.com/n_7m/"
"nooor_nnn55","https://www.instagram.com/nooor_nnn55/"
"na.m33_","https://www.instagram.com/na.m33_/"
"nnx9_9","https://www.instagram.com/nnx9_9/"
"nms.2025.nms","https://www.instagram.com/nms.2025.nms/"
"khalid2022024","https://www.instagram.com/khalid2022024/"
"power.p12345","https://www.instagram.com/power.p12345/"
"s_mi_le987","https://www.instagram.com/s_mi_le987/"
"muscatzozo","https://www.instagram.com/muscatzozo/"
"lightmoon842021","https://www.instagram.com/lightmoon842021/"
"mr.tzozo","https://www.instagram.com/mr.tzozo/"
"zi_34_nb","https://www.instagram.com/zi_34_nb/"
"xtxoxo2021","https://www.instagram.com/xtxoxo2021/"
"lazygirl238","https://www.instagram.com/lazygirl238/"
"lazyzoooz230","https://www.instagram.com/lazyzoooz230/"
"mr.fofo238","https://www.instagram.com/mr.fofo238/"
"qulty238","https://www.instagram.com/qulty238/"
"reemeey238","https://www.instagram.com/reemeey238/"
"eyez.ozo","https://www.instagram.com/eyez.ozo/"
"zozlady","https://www.instagram.com/zozlady/"
"zooo.z238","https://www.instagram.com/zooo.z238/"
"tar.iq238","https://www.instagram.com/tar.iq238/"
"mascutzooz","https://www.instagram.com/mascutzooz/"
"mr.zozo238","https://www.instagram.com/mr.zozo238/"
"my_self_only2468","https://www.instagram.com/my_self_only2468/"
"astr00ng","https://www.instagram.com/astr00ng/"
"light_moon2024","https://www.instagram.com/light_moon2024/"
"day.eyezoz48","https://www.instagram.com/day.eyezoz48/"
"lazyzoooz230","https://www.instagram.com/lazyzoooz230/"
"light_moon2024","https://www.instagram.com/light_moon2024/"
"lazyboytzozo","https://www.instagram.com/lazyboytzozo/"
"halily2040","https://www.instagram.com/halily2040/"
"ligh.tmooon2025","https://www.instagram.com/ligh.tmooon2025/"
"zozo20222024","https://www.instagram.com/zozo20222024/"
"z_4_t_8","https://www.instagram.com/z_4_t_8/"
"lightmoooon4811","https://www.instagram.com/lightmoooon4811/"
"optimistic_for_good","https://www.instagram.com/optimistic_for_good/"
"bestr00ong","https://www.instagram.com/bestr00ong/"
"love_my_self418","https://www.instagram.com/love_my_self418/"
"qultiy23","https://www.instagram.com/qultiy23/"
"coffee_13579","https://www.instagram.com/coffee_13579/"
"vaeel2024","https://www.instagram.com/vaeel2024/"
"zoozl2023","https://www.instagram.com/zoozl2023/"
"alshihi2025","https://www.instagram.com/alshihi2025/"
"lazyboyzozo238","https://www.instagram.com/lazyboyzozo238/"
"tariq81919","https://www.instagram.com/tariq81919/"
"naqsa2021","https://www.instagram.com/naqsa2021/"
"deer.2381991","https://www.instagram.com/deer.2381991/"
"khalid2381991","https://www.instagram.com/khalid2381991/"
"alshihi_2023","https://www.instagram.com/alshihi_2023/"
"freecheep2024","https://www.instagram.com/freecheep2024/"
"laily2040","https://www.instagram.com/laily2040/"
"eyesaham","https://www.instagram.com/eyesaham/"
"ta_riq19198","https://www.instagram.com/ta_riq19198/"
"wale_ed2024","https://www.instagram.com/wale_ed2024/"
"vaeel_2024","https://www.instagram.com/vaeel_2024/"
"z_4_t_8","https://www.instagram.com/z_4_t_8/"
"zoozl2023","https://www.instagram.com/zoozl2023/"
"reemeey238","https://www.instagram.com/reemeey238/"
"eyezoooz","https://www.instagram.com/eyezoooz/"
"muscatzozo","https://www.instagram.com/muscatzozo/"
"eyesaham","https://www.instagram.com/eyesaham/"
"alshahi2024","https://www.instagram.com/alshahi2024/"
"lazy.boyzozo238","https://www.instagram.com/lazy.boyzozo238/"
"eyez.ozo","https://www.instagram.com/eyez.ozo/"
"naqsa2021","https://www.instagram.com/naqsa2021/"
"day.eyezoz48","https://www.instagram.com/day.eyezoz48/"
"saha_m2023","https://www.instagram.com/saha_m2023/"
"lazy_boyzozo238","https://www.instagram.com/lazy_boyzozo238/"
"qulty238","https://www.instagram.com/qulty238/"
"mr.tzozo","https://www.instagram.com/mr.tzozo/"
"zozo20222024","https://www.instagram.com/zozo20222024/"
"freecheep2024","https://www.instagram.com/freecheep2024/"
"alshihi_2023","https://www.instagram.com/alshihi_2023/"
"zozlay","https://www.instagram.com/zozlay/"
"tariq2382025","https://www.instagram.com/tariq2382025/"
"qultiy23","https://www.instagram.com/qultiy23/"
"nevergiveup456456","https://www.instagram.com/nevergiveup456456/"
"queen_and_king21","https://www.instagram.com/queen_and_king21/"
"moh23mmed8","https://www.instagram.com/moh23mmed8/"
"mazin.2040","https://www.instagram.com/mazin.2040/"
"mr.soso238","https://www.instagram.com/mr.soso238/"
"qotton_johara","https://www.instagram.com/qotton_johara/"